date,tag,peak_right,peak_left
2025-01-12 10:55,Max,99.75578433794425,119.94677162356132
2025-01-12 10:55,Max,94.63217960626014,112.1013732970813
2024-11-17 11:07,Max,111.86331233629508,89.64047681080986
2024-11-17 11:07,Max,106.01043723987517,75.23817974675063
2024-11-17 11:07,Max,88.67321277,74.87838450089782
2025-03-20 20:29,Curl,57.68674498002853,54.212137315416065
2025-03-20 20:29,Curl,57.00109291370365,52.64796738936855
2024-12-22 12:15,Max,109.9525676339025,108.82050185754218
2024-12-22 12:15,Max,119.03174188828659,107.25804756494225
2024-12-22 12:15,Max,114.41608239663375,43.54596427717354
2024-12-22 12:15,Max,,43.93186406332664
2024-12-22 12:15,Max,,113.17049887382584
2025-02-09 17:56,Max,141.53242593259947,124.84271011475921
2025-02-09 17:56,Max,138.6394894914405,129.9667017049658
2024-10-27 11:23,Max,114.75085798804282,107.73363124857032
2024-10-27 11:23,Max,108.66390825561194,106.4957092065013
2024-10-27 11:23,Max,99.49584064073363,99.09602235773872
2024-12-12 20:44,Max,122.25545918611152,98.32311266967231
2024-12-12 20:44,Max,120.12666083651985,98.93550971077629
2024-12-12 20:44,Max,119.08591890137114,90.56175515221962
2025-04-13 10:41,Curl,86.43019864165755,82.02258493542632
2025-04-13 10:41,Curl,79.45433212422012,79.32580258510627
2025-02-17 19:23,Max,119.71958475124427,113.71198306576355
2025-02-17 19:23,Max,42.69441297945892,103.30873505834518
2025-02-17 19:23,Max,108.61137118626404,
2024-10-10 20:39,Max,98.05073062996681,101.52064132751815
2024-10-10 20:39,Max,103.87280001404136,97.85137234
2024-10-10 20:39,Max,101.00950029969238,103.95450285199799
2025-06-08 11:30,Max,149.85309677389603,132.86527282460457
2025-06-08 11:30,Max,99.17990337737632,109.00970090494414
2025-03-20 20:21,Curl,55.34107458372493,54.67708238967563
2025-03-20 20:21,Curl,55.30307834884197,52.30123282363376
2024-10-10 20:17,Max,98.03032804788933,99.72177442783652
2024-10-10 20:17,Max,101.01543773701583,99.87485266319283
2024-10-10 20:17,Max,98.73958268907012,99.02619439442901
2024-10-27 11:30,Max,98.24634648,103.22992524933936
2024-10-27 11:30,Max,98.86499213010039,97.44194146508346
2024-10-27 11:30,Max,88.70441374586662,96.25444559042441
2025-02-13 19:47,Max,136.23104288989478,121.10987018139976
2025-02-13 19:47,Max,131.4633984587101,115.99041156388061
2024-12-15 11:24,Max,112.30285089758841,103.46869264742752
2024-12-15 11:24,Max,93.89791372060348,93.97398188008033
2024-12-15 11:24,Max,83.34400113861045,92.55788625850036
2024-11-01 19:29,Max,102.64629870835373,113.92236682225585
2024-11-01 19:29,Max,101.00762487685508,40.66874186
2024-11-01 19:29,Max,99.50216493657959,109.17184508567534
2024-11-01 19:29,Max,,100.22049393310317
2025-01-12 11:02,Max,105.15208227814544,116.16569211444076
2025-01-12 11:02,Max,100.7982503165084,116.46036056902892
2025-03-02 11:37,Max,127.83087262222625,135.77962945395453
2025-03-02 11:37,Max,127.22215914705383,84.37560143867331
2025-03-13 20:18,Max,136.30304903488548,140.07888913401663
2025-03-13 20:18,Max,66.11732989653598,43.25505087
2025-03-13 20:18,Max,,58.41257567
2024-12-08 15:05,Max,110.17397685828583,104.63077359915245
2024-12-08 15:05,Max,108.5658649,106.18447311518905
2024-12-08 15:05,Max,106.52299114230483,90.22386787269485
2024-10-03 20:18,Max,101.96041536791213,97.12523048468117
2024-10-03 20:18,Max,87.03368111680847,97.97669768271697
2024-10-03 20:18,Max,79.74086813986808,88.50528252639808
2024-10-03 20:18,Max,79.59536729,74.53368514739006
2024-10-27 11:40,Max,107.55185820280661,111.40806395500144
2024-10-27 11:40,Max,101.30564890862746,37.76516681047131
2024-10-27 11:40,Max,100.74423309281356,105.16053429586509
2024-10-27 11:40,Max,,97.6739052
2024-10-16 20:24,Max,113.04009391187469,112.11927811869835
2024-10-16 20:24,Max,109.61646326756835,113.53365810683074
2024-10-16 20:24,Max,105.26623077218406,105.02723630496314
2024-10-06 11:16,Max,108.66343729741065,105.05115425361457
2024-10-06 11:16,Max,101.95182038073852,100.30735208137038
2024-10-06 11:16,Max,91.91366589893752,91.25319748143005
2024-12-12 20:30,Max,118.24508190273598,112.87481281312415
2024-12-12 20:30,Max,118.95488319182898,43.54963943
2024-12-12 20:30,Max,117.58420980677025,108.11006141089027
2024-12-12 20:30,Max,,110.50975323587264
2025-02-06 19:35,Max,134.23609758908515,132.0831458117414
2025-02-06 19:35,Max,116.79732275208686,129.69839008971434
2025-02-02 11:09,Max,113.22694657823806,117.77669715161338
2025-02-02 11:09,Max,111.1651588527162,104.98243640606506
2025-03-09 11:10,Max,135.90088437085197,123.57328433301078
2025-03-09 11:10,Max,127.97277401026969,85.54245084218635
2025-03-02 11:27,Max,144.2296035514099,116.94985433953094
2025-03-02 11:27,Max,132.12434624438674,109.40951918793907
2025-04-06 10:49,Max,84.12893708074562,76.65935498893027
2025-04-06 10:49,Max,84.97486210994835,80.03537680506652
2025-03-16 11:06,Max,102.63910818581611,102.89530944732002
2025-03-16 11:06,Max,97.50065145085547,94.67502839261002
2024-11-01 19:39,Max,105.90387453686454,109.12931587810493
2024-11-01 19:39,Max,41.200449465275724,106.88184447175506
2024-11-01 19:39,Max,97.81384706468383,106.73400564638816
2024-11-01 19:39,Max,99.95608454294815,
2024-10-16 20:09,Max,123.11568957067855,114.40099491425659
2024-10-16 20:09,Max,113.54866148952911,110.61952854661354
2024-10-16 20:09,Max,112.1329611364395,108.34320254046654
2025-03-23 10:48,Curl,66.30996862080097,71.35773646712494
2025-03-23 10:48,Curl,66.96153088232326,67.19005493953327
2024-11-01 19:17,Max,109.63851420335037,114.23017164667297
2024-11-01 19:17,Max,97.99631814,112.71095299894539
2024-11-01 19:17,Max,96.03576960560218,110.18351376186202
2025-02-13 19:34,Max,136.19508186723883,95.43823297774262
2025-02-13 19:34,Max,137.76269147014938,130.62177933306205
2025-02-06 19:31,Max,133.51839934015257,130.99900844233062
2025-02-06 19:31,Max,139.70354385755326,95.88370898
2024-10-10 20:29,Max,105.02347704932068,98.05628120876777
2024-10-10 20:29,Max,97.97098731452628,94.93388720396408
2024-10-10 20:29,Max,99.91590171641631,94.21445650164817
2024-11-17 11:13,Max,117.4299625858786,85.55042349173682
2024-11-17 11:13,Max,107.76739726960952,78.37738527734695
2024-11-17 11:13,Max,98.00413940791023,69.57926794453685
2025-04-13 10:55,Curl,87.71815999261405,90.59647990959716
2025-04-13 10:55,Curl,89.69410718,90.38343019328681
2025-03-16 11:23,Curl,84.89378160961486,96.34216155541542
2025-03-16 11:23,Curl,77.59401358923752,89.20883520935607
2025-03-09 10:50,Max,154.10732948592727,142.58740594336945
2025-03-09 10:50,Max,87.18832360619048,131.52805429177346
2024-10-06 10:51,Max,117.60016351583907,109.22039583024802
2024-10-06 10:51,Max,108.34633104851798,93.30349719082749
2024-10-06 10:51,Max,97.60956053,94.03238069704078
2024-10-06 10:51,Max,83.64531346782401,83.14526518763229
2024-11-24 11:09,Max,121.86306690475486,69.03973907
2024-11-24 11:09,Max,122.24921057997649,75.26859019060562
2024-11-24 11:09,Max,117.1489771490316,77.29371886613747
2025-01-12 10:52,Max,103.71425529956291,120.85186918676948
2025-01-12 10:52,Max,93.92057858404075,116.87878170097495
2025-03-23 11:01,Max,143.08214753382873,138.71869456893668
2025-03-23 11:01,Max,136.72788697232414,133.59063255427603
2025-06-05 20:34,Max,106.85385609864959,126.50023068427748
2025-06-05 20:34,Max,112.1056707906681,121.29414939759178
2024-11-24 11:23,Max,112.98262860134895,119.87390766184684
2024-11-24 11:23,Max,110.89058181139396,38.87510596133869
2024-11-24 11:23,Max,108.13445872771086,109.9687484121041
2024-11-24 11:23,Max,,108.51215038521285
2025-01-12 10:45,Max,106.91460129664863,122.99020443993736
2025-01-12 10:45,Max,36.268941014928316,113.315369
2025-01-12 10:45,Max,96.91382071210747,
2025-02-09 17:51,Max,134.13437902757354,132.92664036022674
2025-02-09 17:51,Max,119.57627048859695,126.39812526424339
2024-12-12 20:54,Max,119.59823732470015,65.61751709544491
2024-12-12 20:54,Max,105.0665529048033,80.96619205005248
2024-12-12 20:54,Max,102.65106716014182,84.26105767614433
2024-12-12 20:54,Max,,89.62358118533844
2025-01-05 10:54,Max,116.57889065633316,111.33621759940047
2025-01-05 10:54,Max,117.78397177382979,38.21455764913635
2025-01-05 10:54,Max,44.33153096689971,36.40372336516113
2025-01-05 10:54,Max,115.29335137612617,112.04203256371825
2025-01-05 10:54,Max,,35.52238816619862
2025-01-05 10:54,Max,,111.55832485111785
2024-12-22 12:18,Max,124.79275490555052,94.97172364945732
2024-12-22 12:18,Max,112.54028111078361,99.41046264681334
2024-12-22 12:18,Max,106.57920336761642,91.87246546629218
2025-04-18 12:36,Curl,119.01977450399299,107.25766070641974
2025-04-18 12:36,Curl,98.28887569043182,104.02861989892662
2025-06-12 20:25,Max,122.5472262,105.68144770636772
2025-06-12 20:25,Max,133.66748284076576,104.21421948007583
2024-11-24 11:07,Max,109.30357882255157,122.49806152955307
2024-11-24 11:07,Max,105.76619495269698,35.33952182461048
2024-11-24 11:07,Max,102.19910707628937,114.58682997450644
2024-11-24 11:07,Max,,95.00307600971489
2025-02-09 17:48,Max,131.64728240641173,124.35392278155913
2025-02-09 17:48,Max,120.93247872890167,122.13740846697647
2024-10-13 11:40,Max,114.22540319488486,108.53209041905693
2024-10-13 11:40,Max,106.61751077131095,104.12173506329673
2024-10-13 11:40,Max,102.26767354441704,100.05263938418129
2025-01-05 10:47,Max,128.68233982026206,93.18301599097504
2025-01-05 10:47,Max,114.4998120368495,101.02700985281905
2025-01-05 10:47,Max,107.90569919140022,85.35622892
2024-12-05 19:57,Max,117.95080871663818,114.73154029182189
2024-12-05 19:57,Max,41.10600552598053,109.70308593673492
2024-12-05 19:57,Max,119.19998329573096,107.84159000624908
2024-12-05 19:57,Max,111.29555540469947,
2025-04-13 11:02,Max,147.80903726066572,143.14170692635665
2025-04-13 11:02,Max,144.5052654785887,137.3956384220159
2024-10-10 20:23,Max,102.97363988815665,102.84167067217979
2024-10-10 20:23,Max,96.63503028,100.29319810542793
2024-10-10 20:23,Max,94.77924471458205,36.18661583934856
2024-10-10 20:23,Max,,88.31827007064499
2024-11-14 19:55,Max,108.42380367263084,109.5122469455963
2024-11-14 19:55,Max,105.50757162044357,105.83374381471114
2024-11-14 19:55,Max,96.23645666912857,95.77503537141082
2025-03-27 20:25,Max,136.49467856300484,120.97008810526214
2025-03-27 20:25,Max,49.65191213,117.85378291720374
2025-03-27 20:25,Max,131.8335968348308,
2025-02-02 10:54,Max,111.82602253871406,89.94053605480926
2025-02-02 10:54,Max,103.11124378261329,93.62755848315712
2024-10-16 20:03,Max,110.23182902733406,115.12627895421714
2024-10-16 20:03,Max,99.58253899961112,107.0679907008165
2024-10-16 20:03,Max,94.94873920724059,101.83720933846648
2025-01-16 21:17,Curl,70.82454450351715,73.49755187463974
2025-01-16 21:17,Curl,75.94900705192505,65.91640314892501
2024-12-15 11:29,Max,110.67605194073668,108.55257710081321
2024-12-15 11:29,Max,45.18057188920208,114.06348608328643
2024-12-15 11:29,Max,111.43159504513038,103.0049165587033
2024-12-15 11:29,Max,108.9288642936792,
2024-12-12 20:39,Max,118.42638399029838,118.90398606621773
2024-12-12 20:39,Max,119.52224485493423,112.84658896091804
2024-12-12 20:39,Max,115.62569648681784,45.27486024409149
2024-12-12 20:39,Max,,108.95160484682738
2025-02-20 20:18,Max,121.48584620545417,128.94690899980682
2025-02-20 20:18,Max,78.83450908147789,43.46699888376194
2025-02-20 20:18,Max,127.81304349032013,114.37753951383857
2024-10-13 11:27,Max,111.06915065939529,110.25754670911185
2024-10-13 11:27,Max,110.19930768154113,96.68952686874123
2024-10-13 11:27,Max,98.50473433601417,95.28546591119789
2024-12-19 21:29,Max,120.06451117388481,77.53600163079956
2024-12-19 21:29,Max,107.46538691306189,
2024-12-19 21:29,Max,101.56747643864325,
2025-03-27 20:29,Curl,113.79188617059378,104.72427562204506
2025-03-27 20:29,Curl,96.29314826260932,99.53375278
2024-10-03 20:02,Max,98.77922727765761,91.39619216529792
2024-10-03 20:02,Max,82.95731922544448,89.21157685888504
2024-10-03 20:02,Max,81.23256096272361,85.24489776861526
2024-10-03 20:02,Max,78.34001979005501,81.55513369073844
2025-02-06 19:28,Max,112.53059282778557,117.45443559241012
2025-02-06 19:28,Max,113.75436089391212,117.87685145909927
2024-12-19 21:10,Max,125.04801425065185,69.50499531320243
2024-12-19 21:10,Max,114.27222989604209,
2024-12-19 21:10,Max,112.13092592421249,
2025-03-13 20:06,Max,146.48904234205335,139.02343816504538
2025-03-13 20:06,Max,76.52183519415244,66.32599381459679
2025-02-02 11:03,Max,112.76145485606628,89.29381793478599
2025-02-02 11:03,Max,106.60524062817368,80.42307632
2024-11-01 19:27,Max,110.37286418868582,123.45867329073874
2024-11-01 19:27,Max,109.22148912607246,113.98538271158256
2024-11-01 19:27,Max,107.6199537,118.9029768700721
2025-04-06 10:57,Max,121.46802548351592,131.4634825583889
2025-04-06 10:57,Max,56.21029522395595,117.47179376611496
2025-04-06 10:57,Max,43.79997474204464,
2025-04-06 10:57,Max,49.58811831569027,
2025-04-06 10:57,Max,59.245208742869295,
2025-04-06 10:57,Max,105.04927883077728,
2025-01-23 22:15,Curl,70.24912609118263,88.45939774164344
2025-01-23 22:15,Curl,72.90337923393226,81.93150498328323
2025-02-20 20:26,Max,141.34964369069016,88.32703326
2025-02-20 20:26,Max,101.81234106344459,127.61071648305709
2025-02-23 11:52,Max,135.7393625277439,115.52516373077735
2025-02-23 11:52,Max,116.9797181354737,64.63126334219234
2024-11-24 10:53,Max,101.0291208,103.02282138032035
2024-11-24 10:53,Max,98.09177968,99.40420563071045
2024-11-24 10:53,Max,96.87895298527594,86.72924027954345
2025-02-20 20:31,Max,139.86467043217093,125.47456782153807
2025-02-20 20:31,Max,67.56930664607704,44.71383128680008
2025-02-20 20:31,Max,132.52314692126814,52.513807376758876
2025-02-20 20:31,Max,,122.6455807761405
2025-02-06 19:38,Max,137.1251318051477,126.51547795604438
2025-02-06 19:38,Max,136.54095861624984,96.4003333
2025-03-23 10:56,Curl,67.83036045904785,76.59024187289039
2025-03-23 10:56,Curl,86.60727892534408,70.70186830204796
2025-04-06 10:53,Max,140.35072452580994,123.02648504137275
2025-04-06 10:53,Max,133.4040153670133,
2025-01-12 11:08,Max,96.06946834689835,123.8819385641838
2025-01-12 11:08,Max,101.52635169570884,114.5818260436177
2024-10-03 20:16,Max,113.36243116078887,112.1100523839337
2024-10-03 20:16,Max,101.32996212576927,106.37249476708777
2024-10-03 20:16,Max,100.70201505405471,103.71089131241081
2024-10-03 20:16,Max,97.60494346253844,87.73661146214332
2024-12-22 11:50,Max,118.05087892444526,73.06310134391396
2024-12-22 11:50,Max,118.27979825014563,
2024-12-22 11:50,Max,113.9322233046115,
2025-02-02 11:00,Max,119.0275200844107,101.99638480053596
2025-02-02 11:00,Max,101.00558966462806,38.06796349901573
2025-02-02 11:00,Max,,95.16553976922553
2025-02-13 19:39,Max,139.6593662962783,130.8109026907531
2025-02-13 19:39,Max,133.25007090496536,45.017098933545796
2025-02-13 19:39,Max,,105.49193749015419
2025-04-13 10:44,Curl,108.08747223716392,104.30835225055945
2025-04-13 10:44,Curl,102.59556137213218,108.34054499061637
2024-11-08 19:19,Max,115.17358502354354,119.66657672369506
2024-11-08 19:19,Max,108.57563723274086,109.62443591711883
2024-11-08 19:19,Max,103.59948446790115,107.3872078516471
2025-03-20 20:26,Max,150.37488482105817,90.54080592222991
2025-03-20 20:26,Max,107.4830562555783,91.80859176
2024-12-05 19:50,Max,123.89742131505133,71.69305870644622
2024-12-05 19:50,Max,114.50153608026496,76.02389781589866
2024-12-05 19:50,Max,114.28286009544273,78.14893690984786
2025-04-06 11:00,Max,139.5689170917262,136.75798624736754
2025-04-06 11:00,Max,134.21256649895622,128.14390844666488
2024-10-10 20:33,Max,112.62549931531417,122.43449058234626
2024-10-10 20:33,Max,111.77566365104713,104.5604073978984
2024-10-10 20:33,Max,110.1466865125144,99.01548850531745
2024-11-21 19:32,Max,115.21024407353354,74.38100218052413
2024-11-21 19:32,Max,123.25015654711585,76.41847668890419
2024-11-21 19:32,Max,114.1997527928501,75.61070768397414
2025-06-12 20:31,Max,167.46333403603683,137.58286953693388
2025-06-12 20:31,Max,101.84446714074714,138.16531868241628
2025-01-05 10:57,Max,119.13674033727149,92.35758605349648
2025-01-05 10:57,Max,106.98246132747435,86.16969988656685
2025-01-05 10:57,Max,93.80745610608352,77.23046749771011
2025-02-23 11:35,Max,132.7242292532849,129.44953914013777
2025-02-23 11:35,Max,126.4587947725315,116.18626289587584
2025-01-18 17:49,Max,105.69371784950499,128.8842799690026
2025-01-18 17:49,Max,107.47898583112426,110.67738071566177
2024-11-21 19:36,Max,106.92961308931487,112.8903796636705
2024-11-21 19:36,Max,108.06909645734558,112.42965639328682
2024-11-21 19:36,Max,100.9532880743808,102.00490409799865
2025-06-05 20:39,Max,129.9805445120967,142.58224222309096
2025-06-05 20:39,Max,139.86889223604683,137.0125475651348
2025-06-12 20:22,Max,138.4512323604411,125.24729684954222
2025-06-12 20:22,Max,128.02975995262625,126.57637453346527
2025-03-23 10:51,Curl,106.00137129450027,100.77894103025535
2025-03-23 10:51,Curl,102.68594329694122,91.21012162594741
2024-10-10 20:19,Max,115.59075307027541,116.86674703693832
2024-10-10 20:19,Max,111.18117984152808,116.17178934115394
2024-10-10 20:19,Max,106.84970998448463,111.47255999867507
2024-11-17 11:23,Max,116.57161603411674,65.04640458666508
2024-11-17 11:23,Max,115.68152185360694,58.32634406224117
2024-11-17 11:23,Max,111.06085843106536,59.290395500289875
2025-02-02 10:57,Max,119.30451919648246,115.2400321797654
2025-02-02 10:57,Max,105.35527551210014,98.65609694
2024-10-06 10:58,Max,107.81751226820792,93.44875415605514
2024-10-06 10:58,Max,108.04110808424011,98.03658506399223
2024-10-06 10:58,Max,99.59105829707381,92.16251684851409
2024-10-06 10:58,Max,97.32544659000625,82.47345172345436
2025-02-23 11:57,Max,123.10599287771262,139.41575475669111
2025-02-23 11:57,Max,142.63110413647522,95.39015319137123
2025-03-30 11:02,Max,147.28703055433868,136.17404853757034
2025-03-30 11:02,Max,133.2116878115599,124.11100926930602
2025-02-20 20:34,Max,150.7087100860968,94.54923209305724
2025-02-20 20:34,Max,124.00178901644523,123.54779372036575
2024-11-21 19:47,Max,111.90646388148863,119.88219148020889
2024-11-21 19:47,Max,115.05998317741714,110.38975140418937
2024-10-16 20:12,Max,108.4557110907685,103.32155184939468
2024-10-16 20:12,Max,104.61732606051193,103.38527417602333
2024-10-16 20:12,Max,97.96708508942984,94.97360748
2024-10-13 11:25,Max,102.55976013886595,105.39350722608376
2024-10-13 11:25,Max,101.13591893686828,101.09542494152488
2024-10-13 11:25,Max,96.35420462941993,97.20637826475769
2024-10-03 20:00,Max,112.02483417940314,113.83652628010215
2024-10-03 20:00,Max,107.96324860160476,110.19164620080223
2024-10-03 20:00,Max,106.59421516028266,102.91727628342322
2024-10-03 20:00,Max,93.21014654735671,108.06003051197067
2024-12-15 11:38,Max,113.17535142529273,107.22709047317504
2024-12-15 11:38,Max,108.82832312767081,110.05216688350829
2024-12-15 11:38,Max,104.12791638968872,
2024-10-13 11:32,Max,100.6852035282621,106.55028148807624
2024-10-13 11:32,Max,101.61806239544296,104.19358982886558
2024-10-13 11:32,Max,95.10370127540206,100.06866878296104
2024-12-22 11:46,Max,106.65441371036948,97.5747685
2024-12-22 11:46,Max,108.38330967728744,105.62843967881851
2024-12-22 11:46,Max,101.1655472537104,89.15598697119658
2024-10-16 20:05,Max,97.81861551647194,100.94859531230361
2024-10-16 20:05,Max,96.98059585707664,98.34133707006882
2024-10-16 20:05,Max,92.24711271542152,92.10466467946586
2024-11-21 19:50,Max,119.06512105080328,85.87691526478386
2024-11-21 19:50,Max,113.34257522662361,81.43411425294165
2024-11-21 19:50,Max,113.9893690363578,98.92722589241424
2024-10-13 11:18,Max,123.21255558072326,111.78935507875617
2024-10-13 11:18,Max,120.03824684419479,107.58297508396355
2024-10-13 11:18,Max,111.33738658493583,102.15704882692023
2025-03-16 11:14,Curl,91.93548135561889,98.48307866872253
2025-03-16 11:14,Curl,78.77704377095215,90.21151362987877
2025-04-18 12:41,Max,140.24494394981215,141.62163887187316
2025-04-18 12:41,Max,,141.53079439883072
2025-03-27 20:13,Curl,74.38999243618812,60.47671818442962
2025-03-27 20:13,Curl,59.26217585,69.16530409556735
2025-03-27 20:06,Curl,72.39918483957557,73.65954467594909
2025-03-27 20:06,Curl,71.62260840551338,72.05870729
2025-03-27 20:09,Curl,104.55024815669906,103.65452770767737
2025-03-27 20:09,Curl,99.00329405189109,107.97215475758995
2025-01-05 10:45,Max,111.85556675587738,103.48846448191398
2025-01-05 10:45,Max,108.46774575480514,101.97237434223784
2025-01-05 10:45,Max,102.94471800861648,102.90304661776985
2025-01-18 18:06,Max,109.90611938129989,111.71046117007155
2025-01-18 18:06,Max,39.63440411639091,110.63203416885146
2025-01-18 18:06,Max,39.522290834579316,
2025-01-18 18:06,Max,96.39188128552345,
2025-02-09 17:59,Max,130.7872118112344,91.87293642449347
2025-02-09 17:59,Max,120.2143095217678,125.25855779653388
2025-02-17 19:28,Max,117.30245906284614,115.00986817881873
2025-02-17 19:28,Max,114.35330198640769,113.83128687011275
2025-04-27 10:39,Curl,101.08815031930847,100.63196843158012
2025-04-27 10:39,Curl,88.05402887984756,90.08400169687843
2024-11-17 11:21,Max,102.37930745805946,107.06509767186569
2024-11-17 11:21,Max,44.44887524873283,104.60677155082222
2024-11-17 11:21,Max,101.49734571648986,94.77791593965698
2024-11-17 11:21,Max,92.21224499,
2025-03-30 11:06,Curl,93.72950411,94.40553938
2025-03-30 11:06,Curl,92.16353445462761,87.79157060224075
2025-02-17 19:38,Max,88.50364258266143,92.88992020038047
2025-02-17 19:38,Max,130.70223749577238,130.76102317125535
2025-02-09 18:07,Max,131.0314540984126,123.18080795197532
2025-02-09 18:07,Max,114.8499105897364,110.59309601756591
2024-10-27 11:38,Max,107.28549770010338,104.51334521764053
2024-10-27 11:38,Max,102.88866557269462,103.3526687305516
2024-10-27 11:38,Max,98.33664430799163,100.80787131976341
2025-02-23 11:37,Max,148.48640971361252,132.98832747462836
2025-02-23 11:37,Max,134.21952154239318,86.85496089
2024-10-06 10:49,Max,63.384351044459336,89.73413862309219
2024-10-06 10:49,Max,92.59775791622062,83.92097539500281
2024-10-06 10:49,Max,85.69310700679313,43.489983325978656
2024-10-06 10:49,Max,,89.38498198660788
2024-10-06 10:49,Max,,93.75147095
2025-04-06 10:45,Curl,106.88270228847884,102.82080554186889
2025-04-06 10:45,Curl,98.38839925032669,93.85568727187675
2025-01-18 17:58,Max,111.71914025692398,118.58688822729293
2025-01-18 17:58,Max,47.20210530346512,112.79639827260871
2025-01-18 17:58,Max,44.26945278899166,
2025-01-18 17:58,Max,100.18210242972984,
2025-03-23 11:14,Curl,101.49258567466964,101.19220685189079
2025-03-23 11:14,Curl,96.60133153558105,97.31043479734001
2025-02-09 18:03,Max,142.0087160535295,128.1177954963967
2025-02-09 18:03,Max,114.34775140760672,120.21258547835235
2024-10-10 20:26,Max,115.28138399183257,116.84149190339393
2024-10-10 20:26,Max,113.3754077412281,110.56901827952476
2024-10-10 20:26,Max,106.8447817433068,106.15249000734046
2024-11-21 19:30,Max,110.70098749550162,108.39746365322989
2024-11-21 19:30,Max,108.33272372048773,103.08442439504317
2024-11-21 19:30,Max,104.86586584127693,104.42836249221061
2025-02-23 11:43,Max,135.03580984478592,122.62056953166466
2025-02-23 11:43,Max,48.85313337777984,118.87999242785537
2025-02-23 11:43,Max,118.6263730264907,
2024-11-24 10:55,Max,124.79494149719939,82.87499404986472
2024-11-24 10:55,Max,118.35883512828421,84.10962779449257
2024-11-24 10:55,Max,110.97259581816215,75.95298497
2025-03-20 20:33,Max,138.73706193878715,134.02970015736807
2025-01-09 19:24,Max,123.75098695432044,88.6174715
2025-01-09 19:24,Max,120.69019596423956,91.72103558464042
2025-01-09 19:33,Max,129.71175352867607,66.97552507
2025-01-09 19:33,Max,116.3272223675167,91.69992657
2025-02-20 20:20,Max,143.82126597095228,96.22363987807907
2025-02-20 20:20,Max,147.35520175397596,127.20253028202133
2024-11-01 19:36,Max,107.7577846763224,122.08190267896681
2024-11-01 19:36,Max,37.738200248463286,36.97077386
2024-11-01 19:36,Max,112.99451188596373,109.31077775505706
2024-11-01 19:36,Max,51.35422839047832,107.86536498544655
2024-11-01 19:36,Max,109.93575610810989,
2024-11-08 19:22,Max,99.65383870729987,115.83523083655426
2024-11-08 19:22,Max,104.70817053355438,102.02304439871635
2024-11-08 19:22,Max,100.34988969890868,97.62871844173591
2024-12-05 20:09,Max,116.49022436497168,95.73766988411887
2024-12-05 20:09,Max,116.25099441865012,98.88539471217788
2024-12-05 20:09,Max,109.30834727433967,92.28314942778839
2024-11-01 19:21,Max,105.46856618941497,118.20583258263885
2024-11-01 19:21,Max,106.63244687426628,104.60888245276016
2024-11-01 19:21,Max,98.84004816536758,111.53448259217734
2024-11-08 19:35,Max,114.60684569806143,118.83715205147338
2024-11-08 19:35,Max,107.30441171786605,111.8510421931578
2024-11-08 19:35,Max,104.07396644573691,103.84333148658897
2024-12-19 21:15,Max,114.04573264109122,115.08038575949462
2024-12-19 21:15,Max,117.96198556395103,109.5675172545053
2024-12-19 21:15,Max,114.38511689489867,48.90895454
2024-12-19 21:15,Max,,36.26971893695724
2024-12-19 21:15,Max,,104.1430795617768
2025-02-20 20:24,Max,132.84744369269842,127.12974201001776
2025-02-20 20:24,Max,126.03121518556388,125.26973464384673
2025-02-02 11:11,Max,112.01835009416747,92.85583460056182
2025-02-02 11:11,Max,103.6984613798838,89.33525384653198
2025-01-09 19:20,Max,122.29439733739707,115.8788533399491
2025-01-09 19:20,Max,125.09852451774063,112.96495925883254
2025-02-23 11:47,Max,93.62521210211852,92.91314012169784
2025-02-23 11:47,Max,87.67148467087867,78.23181714330772
2024-10-03 20:07,Max,107.35858873095061,112.17853475238257
2024-10-03 20:07,Max,109.40935939854934,104.18779536099609
2024-10-03 20:07,Max,103.41364940765128,99.40014361622428
2024-10-03 20:07,Max,104.43915248100097,101.79850666628158
2024-10-13 11:35,Max,115.48263452320693,113.45930558080146
2024-10-13 11:35,Max,100.14223918197746,109.16473025284866
2024-10-13 11:35,Max,99.35565488613777,92.03969767759094
2025-04-06 10:42,Curl,72.78407542958305,72.63498351900199
2025-04-06 10:42,Curl,69.92569134146007,63.930368209084506
2024-10-10 20:41,Max,114.00038609428093,125.9454503331211
2024-10-10 20:41,Max,110.44377703785209,111.65972383385001
2024-10-10 20:41,Max,108.60846974734534,44.92101505051395
2024-10-10 20:41,Max,,109.03314789539428
2024-11-08 19:26,Max,106.98293228567566,121.66081558720275
2024-11-08 19:26,Max,112.04867643834365,110.73304629306114
2024-11-08 19:26,Max,102.01991589066489,36.37964142213604
2024-11-08 19:26,Max,,99.47793581911658
2024-12-19 21:08,Max,108.6502168279029,106.28273517990188
2024-12-19 21:08,Max,109.11680184589912,42.75203387439045
2024-12-19 21:08,Max,107.6742821052394,107.49916134406898
2024-12-19 21:08,Max,,47.36190730814167
2024-12-19 21:08,Max,,103.74771856175842
2024-10-06 11:03,Max,89.88048888414428,91.46882064791176
2024-10-06 11:03,Max,88.65187668,97.63340279
2024-10-06 11:03,Max,85.91311176654044,95.68435069
2025-03-13 20:09,Max,147.48210816928892,129.86944883639862
2025-03-13 20:09,Max,90.99887164276343,79.46723301494842
2025-03-20 20:14,Curl,90.33948811111252,90.74900308707336
2025-03-20 20:14,Curl,80.32745498954758,83.97491692898673
2025-01-16 21:26,Curl,70.22543521166396,81.01780402293357
2025-01-16 21:26,Curl,72.27933438731414,73.04410322647247
2025-03-02 11:31,Max,120.58293523389487,96.74792568570167
2025-03-02 11:31,Max,106.07258690251021,103.9937521720951
2024-12-05 20:07,Max,111.72579254151725,111.20236455061843
2024-12-05 20:07,Max,45.531061505595396,101.31143496652908
2024-12-05 20:07,Max,105.5311027105725,104.84686772383544
2024-12-05 20:07,Max,102.70336875038909,
2024-12-15 11:22,Max,108.94879591755539,101.65801815284202
2024-12-15 11:22,Max,111.11464858562744,38.862831613217466
2024-12-15 11:22,Max,102.32614805108841,92.80493747495055
2024-12-15 11:22,Max,,93.30506144485321
2024-12-19 21:26,Max,117.58844,112.21895305801506
2024-12-19 21:26,Max,110.42438365192024,108.67164542606177
2024-12-19 21:26,Max,108.88625098642997,38.19626176401287
2024-12-19 21:26,Max,,102.78280089701805
2024-12-08 15:07,Max,121.82742546087836,65.46162152084872
2024-12-08 15:07,Max,106.81828193451614,68.09742319
2024-12-08 15:07,Max,100.78355810262161,110.29586252277427
2024-10-16 20:22,Max,118.8692024,106.13943773719032
2024-10-16 20:22,Max,115.13715304268631,107.45178799499953
2024-10-16 20:22,Max,105.47388128911528,103.16214090822456
2025-02-13 19:31,Max,142.4895307371791,129.88187035895774
2025-02-13 19:31,Max,135.6853368940812,127.53831506957603
2024-10-16 20:35,Max,116.66887731265182,112.9157104869258
2024-10-16 20:35,Max,114.1706711239202,108.33766037163345
2024-10-16 20:35,Max,116.47631427809776,109.02940545968757
2024-10-06 11:07,Max,105.94054199682243,103.05534272611328
2024-10-06 11:07,Max,93.19944065824515,92.83745882074348
2024-10-06 11:07,Max,89.78644021333946,89.20086256
2025-03-27 20:18,Curl,112.82290649136726,100.1376221096112
2025-03-27 20:18,Curl,105.71803947661468,98.02470177937744
2025-03-13 20:21,Curl,107.29886113906508,89.43610618135192
2025-03-13 20:21,Curl,94.89651330670425,94.91825307367469
2024-11-14 20:01,Max,106.10143309233948,110.11893361850959
2024-11-14 20:01,Max,98.99273954220138,98.59425003413153
2024-11-14 20:01,Max,96.26702690237327,85.92045367
2024-10-03 20:09,Max,46.84950899,102.41551236978393
2024-10-03 20:09,Max,101.04773201367598,95.35254381501075
2024-10-03 20:09,Max,94.49778831953377,91.64668305861115
2024-10-03 20:09,Max,82.51043035,85.20870126685867
2024-10-03 20:09,Max,96.92047299670074,
2024-11-08 19:28,Max,113.48502326257926,114.55978351780357
2024-11-08 19:28,Max,36.00046540530319,104.43391307101157
2024-11-08 19:28,Max,105.96219766411407,94.31844575448746
2024-11-08 19:28,Max,99.01322622395766,
2025-03-09 10:55,Max,132.16781736835975,125.22462357613708
2025-03-09 10:55,Max,52.936925475766024,113.05174171738884
2025-03-09 10:55,Max,125.83514519440375,
2024-10-06 10:54,Max,105.09126139043548,107.81376142253333
2024-10-06 10:54,Max,36.219292769547266,96.28547837190254
2024-10-06 10:54,Max,96.37014992852089,89.63351335740501
2024-10-06 10:54,Max,90.28672397263183,86.05938633788162
2024-10-06 10:54,Max,86.45944009997719,
2024-10-27 11:32,Max,116.8533835979766,105.61288964820793
2024-10-27 11:32,Max,40.62659951195087,37.04269590476669
2024-10-27 11:32,Max,111.76340191787773,108.73990072537788
2024-10-27 11:32,Max,99.58246331,107.10825762702713
2025-02-17 19:36,Max,123.70947535286354,120.67730348347915
2025-02-17 19:36,Max,107.70423000086097,43.09923519334259
2025-02-17 19:36,Max,,113.08184940240012
2025-06-08 11:25,Max,130.11641595317002,116.57411379457717
2025-06-08 11:25,Max,117.68100012710403,111.96760434797805
2024-12-22 12:04,Max,119.32906789272491,86.48164241518104
2024-12-22 12:04,Max,114.58127939570548,
2024-12-22 12:04,Max,105.12167183429047,
2025-02-06 19:44,Max,134.4476587410807,128.5738344146711
2025-02-06 19:44,Max,35.33897517669826,116.47256343242317
2025-02-06 19:44,Max,128.6988401772431,
2024-12-12 20:51,Max,120.48199879939612,114.10968203685263
2024-12-12 20:51,Max,35.46007871417385,45.33068140589664
2024-12-12 20:51,Max,43.31955112190147,36.905647068190156
2024-12-12 20:51,Max,112.98997891327629,116.76424634841385
2024-12-12 20:51,Max,120.74202659628554,45.95519300573211
2024-12-12 20:51,Max,,116.28164034160575
2025-04-27 10:44,Max,136.64775679836112,143.7968602441638
2025-04-27 10:44,Max,139.75952060376417,125.60403927705451
2025-03-09 10:46,Max,136.88760908230583,118.78742391139747
2025-03-09 10:46,Max,42.96265310998341,118.94707033166824
2025-03-09 10:46,Max,116.65072860196624,
2024-12-22 12:00,Max,116.57810011935241,116.04983639692244
2024-12-22 12:00,Max,120.16341239615653,119.79783950236998
2024-12-22 12:00,Max,118.96137568703254,117.33833598582328
2025-02-17 19:25,Max,121.66426367403365,89.63188182363623
2025-02-17 19:25,Max,119.58784260440017,133.0896507676496
2025-06-08 11:36,Max,146.60435982162736,142.7795064296901
2025-06-08 11:36,Max,95.51617656005676,104.40514257089325
2025-06-08 11:21,Max,99.31625418661879,117.91124822772949
2025-06-08 11:21,Max,105.09626532132422,115.2462050961895
2024-11-17 11:05,Max,106.77543314816627,104.04754232665718
2024-11-17 11:05,Max,43.01299938269852,93.18028275141396
2024-11-17 11:05,Max,98.76749537246467,101.12942644166473
2024-11-17 11:05,Max,102.49290930418586,
2025-03-16 11:19,Curl,54.878320306098175,53.67894535180828
2025-03-16 11:19,Curl,45.734486013666796,49.45028314711693
2025-03-13 19:55,Max,137.04178061348654,143.63739043321854
2025-03-13 19:55,Max,82.50964822521095,73.09358747747986
2024-10-27 11:26,Max,118.24641067766105,110.04669199441825
2024-10-27 11:26,Max,109.06216228458113,106.10370378366714
2024-10-27 11:26,Max,108.29371828945915,104.33509594841865
2025-01-18 17:51,Max,95.65815363781113,112.60579476057075
2025-01-18 17:51,Max,36.40700745761837,111.72907242899055
2025-01-18 17:51,Max,103.00264586737563,
2025-01-12 10:47,Max,106.35224356443214,125.64711513253715
2025-01-12 10:47,Max,110.2982761835559,116.72461016979423
2024-11-21 19:39,Max,120.57260779333792,77.52927365649536
2024-11-21 19:39,Max,116.60515498602317,72.72262379428207
2024-11-21 19:39,Max,115.02863081715957,58.840542113391415
2025-03-13 19:51,Max,144.06402810378356,144.64147331837722
2025-03-13 19:51,Max,58.285534693102264,62.08107093700897
2025-02-13 19:42,Max,124.98281176967627,99.27137018804191
2025-02-13 19:42,Max,123.1693199358509,134.94316563861707
2025-02-06 19:47,Max,108.09458706999061,128.6954005003801
2025-02-06 19:47,Max,129.61637608294615,105.12980427323066
2025-01-20 20:53,Curl,77.67649014423911,73.4620534
2025-01-20 20:53,Curl,62.361896584466244,75.33379267
2025-03-20 20:12,Curl,65.0014491,43.45448905654007
2025-03-20 20:12,Curl,47.37582159999954,49.37123785901046
2024-12-05 19:48,Max,108.2682276768141,110.10439278404463
2024-12-05 19:48,Max,35.52778316059379,110.90402935003448
2024-12-05 19:48,Max,110.10055783869124,91.28446574200882
2024-12-05 19:48,Max,101.77638004078864,
2025-02-17 19:31,Max,112.16313610119384,88.78791632
2025-02-17 19:31,Max,123.67124363887991,138.4612486321865
2024-11-24 11:25,Max,117.93720138860793,86.82297778153671
2024-11-24 11:25,Max,120.1427743349784,69.76205859641406
2024-11-24 11:25,Max,113.93440989626036,77.71886797238768
2025-03-16 11:11,Curl,49.736423894274516,50.2734508
2025-03-16 11:11,Curl,53.56198372351371,33.36693232091852
2025-01-18 17:55,Max,106.16687105241569,120.03237668661437
2025-01-18 17:55,Max,104.15613183192696,105.88713870078284
2024-11-17 11:11,Max,109.35080079219917,112.26297082990028
2024-11-17 11:11,Max,103.38080848307891,103.91400885665458
2024-11-17 11:11,Max,96.08580891448966,94.15003614768547
2025-03-09 11:16,Max,101.17579059458853,95.90771102468963
2025-03-09 11:16,Max,103.10639964111427,89.25363510825416
2024-10-16 20:32,Max,117.61893456414779,106.23747273277039
2024-10-16 20:32,Max,110.44057284008971,105.1538063215609
2024-10-16 20:32,Max,90.47842078049423,104.74101145812675
2025-01-09 19:29,Max,120.74984786641417,108.08020602491538
2025-01-09 19:29,Max,109.71872847699218,46.10632012854019
2025-01-09 19:29,Max,,97.69720081018478
2025-03-23 11:05,Curl,70.72923433753029,77.03533101298468
2025-03-23 11:05,Curl,78.44986238053893,75.35177318290916
2025-03-16 11:04,Max,127.0774404197705,129.35016695966476
2025-03-16 11:04,Max,51.374008634932665,63.37997365617767
2025-01-09 19:10,Max,120.76634822339523,104.21703681931571
2025-01-09 19:10,Max,120.4619073861302,40.38213015563991
2025-01-09 19:10,Max,50.72799695221134,96.85581716363738
2025-01-09 19:10,Max,108.8276923800798,
2025-06-05 20:46,Max,164.50455595634338,133.22474849167793
2025-06-05 20:46,Max,154.39415985045105,132.86378426028975
2024-10-06 11:13,Max,108.67257893249648,107.22013542973808
2024-10-06 11:13,Max,101.98926155774139,106.89966519369331
2024-10-06 11:13,Max,97.08316382534416,92.47931193
2024-12-12 20:35,Max,119.48213771811332,94.67010015143218
2024-12-12 20:35,Max,114.78853464414634,105.26043630431457
2024-12-12 20:35,Max,108.16541581947807,69.64470590461308
2024-10-13 11:16,Max,100.02668622330283,101.00926482059172
2024-10-13 11:16,Max,97.40582065,99.95882619
2024-10-13 11:16,Max,93.64984489803977,105.67676335425841
2025-03-09 11:12,Max,133.32137902262198,124.3637708539469
2025-03-09 11:12,Max,134.9809263943994,44.744557104450564
2025-03-09 11:12,Max,,111.73626295152816
2024-12-19 21:18,Max,121.46794138383711,73.72404071962272
2024-12-19 21:18,Max,120.0335540821176,
2024-12-19 21:18,Max,114.09795854162758,
2024-12-08 15:17,Max,110.79449792836212,109.91151858067902
2024-12-08 15:17,Max,103.5935470305777,105.75736448642272
2024-12-08 15:17,Max,104.0605189070964,95.58263212624648
2025-01-09 19:14,Max,118.07511645187614,92.4540568
2025-01-09 19:14,Max,115.00470445854026,87.19325184736832
2025-01-09 19:14,Max,,90.60804362
2024-12-15 11:32,Max,113.10897154881393,110.49811384032638
2024-12-15 11:32,Max,108.33617180731865,85.57545155614845
2024-12-15 11:32,Max,91.16375747,85.55254280364265
2024-12-05 20:00,Max,119.60535215752685,94.90894323923126
2024-12-05 20:00,Max,118.73746870218879,91.54794162572914
2024-12-05 20:00,Max,108.53123260233313,93.51599184925773
2025-06-01 10:10,Max,162.86,152.86
2025-09-21 10:10,Max,,162.5
2025-10-04 10:10,Max,,168.9
